{
    "bitmapPath" : "assets/bitmaps/",
    "bitmaps" : [

        {"name": "logo", "path": "logo.png"},
        {"name": "createdby", "path": "createdby.png"},
        {"name": "end", "path": "end.png"},
        {"name": "font", "path": "font.png"}
    ],

    "samplePath" : "assets/audio/",
    "samples" : [

        {"name": "button1", "path": "button1.wav"},
        {"name": "star", "path": "star.wav"},
        {"name": "choose", "path": "choose.wav"},
        {"name": "knock", "path": "knock.wav"},
        {"name": "thump", "path": "thump.wav"},
        {"name": "pause", "path": "pause.wav"},
        {"name": "teleport1", "path": "teleport1.wav"},
        {"name": "select", "path": "select.wav"},
        {"name": "increase", "path": "increase.wav"},
        {"name": "gem", "path": "gem.wav"},
        {"name": "soft", "path": "soft.wav"},

        {"name": "victory", "path": "victory.ogg"}
    ],

    "tilemapPath" : "assets/maps/",
    "tilemaps" : [

        {"name": "1", "path": "1.tmx"},
        {"name": "2", "path": "2.tmx"},
        {"name": "3", "path": "3.tmx"},
        {"name": "4", "path": "4.tmx"},
        {"name": "5", "path": "5.tmx"},
        {"name": "6", "path": "6.tmx"},
        {"name": "7", "path": "7.tmx"},
        {"name": "8", "path": "8.tmx"},
        {"name": "9", "path": "9.tmx"},
        {"name": "10", "path": "10.tmx"},
        {"name": "11", "path": "11.tmx"},
        {"name": "12", "path": "12.tmx"},
        {"name": "13", "path": "13.tmx"},
        {"name": "14", "path": "14.tmx"},
        {"name": "15", "path": "15.tmx"},
        {"name": "16", "path": "16.tmx"},
        {"name": "17", "path": "17.tmx"},
        {"name": "18", "path": "18.tmx"},
        {"name": "19", "path": "19.tmx"},
        {"name": "20", "path": "20.tmx"},
        {"name": "21", "path": "21.tmx"},
        {"name": "22", "path": "22.tmx"}
    ]

}
